"","Sub_Region","mean","raster_name","service","year","color"
"1","Caribbean",1.3160240650177,"coastal_risk_esa1992_value_md5_3bd250","Coastal_Protection","1992","#9e9ac8"
"2","Antarctica",NA,"coastal_risk_esa1992_value_md5_3bd250","Coastal_Protection","1992","#9e9ac8"
"3","Oceania",1.51275372505188,"coastal_risk_esa1992_value_md5_3bd250","Coastal_Protection","1992","#9e9ac8"
"4","Western Asia",1.29250383377075,"coastal_risk_esa1992_value_md5_3bd250","Coastal_Protection","1992","#9e9ac8"
"5","South-East Asia",1.59309554100037,"coastal_risk_esa1992_value_md5_3bd250","Coastal_Protection","1992","#9e9ac8"
"6","Mesoamerica",1.71009111404419,"coastal_risk_esa1992_value_md5_3bd250","Coastal_Protection","1992","#9e9ac8"
"7","South America",1.98491406440735,"coastal_risk_esa1992_value_md5_3bd250","Coastal_Protection","1992","#9e9ac8"
"8","Southern Africa",1.20791018009186,"coastal_risk_esa1992_value_md5_3bd250","Coastal_Protection","1992","#9e9ac8"
"9","North Africa",1.47026014328003,"coastal_risk_esa1992_value_md5_3bd250","Coastal_Protection","1992","#9e9ac8"
"10","West Africa",1.70516467094421,"coastal_risk_esa1992_value_md5_3bd250","Coastal_Protection","1992","#9e9ac8"
"11","Central and Western Europe",1.42654848098755,"coastal_risk_esa1992_value_md5_3bd250","Coastal_Protection","1992","#9e9ac8"
"12","Central Africa",1.95000493526459,"coastal_risk_esa1992_value_md5_3bd250","Coastal_Protection","1992","#9e9ac8"
"13","Eastern Europe",1.11319530010223,"coastal_risk_esa1992_value_md5_3bd250","Coastal_Protection","1992","#9e9ac8"
"14","Central Asia",NA,"coastal_risk_esa1992_value_md5_3bd250","Coastal_Protection","1992","#9e9ac8"
"15","East Africa and adjacent islands",1.18557238578796,"coastal_risk_esa1992_value_md5_3bd250","Coastal_Protection","1992","#9e9ac8"
"16","South Asia",1.61861562728882,"coastal_risk_esa1992_value_md5_3bd250","Coastal_Protection","1992","#9e9ac8"
"17","North America",1.30931293964386,"coastal_risk_esa1992_value_md5_3bd250","Coastal_Protection","1992","#9e9ac8"
"18","North-East Asia",1.7917366027832,"coastal_risk_esa1992_value_md5_3bd250","Coastal_Protection","1992","#9e9ac8"
"19","Caribbean",1.32735157012939,"coastal_risk_esa2020_value_md5_f9f644","Coastal_Protection","2020","#9e9ac8"
"20","Antarctica",NA,"coastal_risk_esa2020_value_md5_f9f644","Coastal_Protection","2020","#9e9ac8"
"21","Oceania",1.50927269458771,"coastal_risk_esa2020_value_md5_f9f644","Coastal_Protection","2020","#9e9ac8"
"22","Western Asia",1.30552756786346,"coastal_risk_esa2020_value_md5_f9f644","Coastal_Protection","2020","#9e9ac8"
"23","South-East Asia",1.58801531791687,"coastal_risk_esa2020_value_md5_f9f644","Coastal_Protection","2020","#9e9ac8"
"24","Mesoamerica",1.72434496879578,"coastal_risk_esa2020_value_md5_f9f644","Coastal_Protection","2020","#9e9ac8"
"25","South America",1.95139539241791,"coastal_risk_esa2020_value_md5_f9f644","Coastal_Protection","2020","#9e9ac8"
"26","Southern Africa",1.23463499546051,"coastal_risk_esa2020_value_md5_f9f644","Coastal_Protection","2020","#9e9ac8"
"27","North Africa",1.51032567024231,"coastal_risk_esa2020_value_md5_f9f644","Coastal_Protection","2020","#9e9ac8"
"28","West Africa",1.69871151447296,"coastal_risk_esa2020_value_md5_f9f644","Coastal_Protection","2020","#9e9ac8"
"29","Central and Western Europe",1.42982518672943,"coastal_risk_esa2020_value_md5_f9f644","Coastal_Protection","2020","#9e9ac8"
"30","Central Africa",2.01690483093262,"coastal_risk_esa2020_value_md5_f9f644","Coastal_Protection","2020","#9e9ac8"
"31","Eastern Europe",1.09275269508362,"coastal_risk_esa2020_value_md5_f9f644","Coastal_Protection","2020","#9e9ac8"
"32","Central Asia",NA,"coastal_risk_esa2020_value_md5_f9f644","Coastal_Protection","2020","#9e9ac8"
"33","East Africa and adjacent islands",1.18667542934418,"coastal_risk_esa2020_value_md5_f9f644","Coastal_Protection","2020","#9e9ac8"
"34","South Asia",1.62572276592255,"coastal_risk_esa2020_value_md5_f9f644","Coastal_Protection","2020","#9e9ac8"
"35","North America",1.30412709712982,"coastal_risk_esa2020_value_md5_f9f644","Coastal_Protection","2020","#9e9ac8"
"36","North-East Asia",1.79984498023987,"coastal_risk_esa2020_value_md5_f9f644","Coastal_Protection","2020","#9e9ac8"
"37","Caribbean",22.446418762207,"global_n_export_tnc_esa1992_compressed_md5_728edc","Nitrogen_Export","1992","#2c944c"
"38","Antarctica",NA,"global_n_export_tnc_esa1992_compressed_md5_728edc","Nitrogen_Export","1992","#2c944c"
"39","Oceania",13.1323251724243,"global_n_export_tnc_esa1992_compressed_md5_728edc","Nitrogen_Export","1992","#2c944c"
"40","Western Asia",64.9852981567383,"global_n_export_tnc_esa1992_compressed_md5_728edc","Nitrogen_Export","1992","#2c944c"
"41","South-East Asia",30.9654712677002,"global_n_export_tnc_esa1992_compressed_md5_728edc","Nitrogen_Export","1992","#2c944c"
"42","Mesoamerica",20.0670013427734,"global_n_export_tnc_esa1992_compressed_md5_728edc","Nitrogen_Export","1992","#2c944c"
"43","South America",12.0980129241943,"global_n_export_tnc_esa1992_compressed_md5_728edc","Nitrogen_Export","1992","#2c944c"
"44","Southern Africa",10.6174764633179,"global_n_export_tnc_esa1992_compressed_md5_728edc","Nitrogen_Export","1992","#2c944c"
"45","North Africa",14.695369720459,"global_n_export_tnc_esa1992_compressed_md5_728edc","Nitrogen_Export","1992","#2c944c"
"46","West Africa",12.4583292007446,"global_n_export_tnc_esa1992_compressed_md5_728edc","Nitrogen_Export","1992","#2c944c"
"47","Central and Western Europe",62.3684844970703,"global_n_export_tnc_esa1992_compressed_md5_728edc","Nitrogen_Export","1992","#2c944c"
"48","Central Africa",6.91822862625122,"global_n_export_tnc_esa1992_compressed_md5_728edc","Nitrogen_Export","1992","#2c944c"
"49","Eastern Europe",8.63005256652832,"global_n_export_tnc_esa1992_compressed_md5_728edc","Nitrogen_Export","1992","#2c944c"
"50","Central Asia",12.9551649093628,"global_n_export_tnc_esa1992_compressed_md5_728edc","Nitrogen_Export","1992","#2c944c"
"51","East Africa and adjacent islands",10.4759683609009,"global_n_export_tnc_esa1992_compressed_md5_728edc","Nitrogen_Export","1992","#2c944c"
"52","South Asia",55.3010215759277,"global_n_export_tnc_esa1992_compressed_md5_728edc","Nitrogen_Export","1992","#2c944c"
"53","North America",18.4922637939453,"global_n_export_tnc_esa1992_compressed_md5_728edc","Nitrogen_Export","1992","#2c944c"
"54","North-East Asia",60.581859588623,"global_n_export_tnc_esa1992_compressed_md5_728edc","Nitrogen_Export","1992","#2c944c"
"55","Caribbean",21.9839916229248,"global_n_export_tnc_esa2020_compressed_md5_1d3c17","Nitrogen_Export","2020","#2c944c"
"56","Antarctica",NA,"global_n_export_tnc_esa2020_compressed_md5_1d3c17","Nitrogen_Export","2020","#2c944c"
"57","Oceania",13.3266162872314,"global_n_export_tnc_esa2020_compressed_md5_1d3c17","Nitrogen_Export","2020","#2c944c"
"58","Western Asia",65.5184478759766,"global_n_export_tnc_esa2020_compressed_md5_1d3c17","Nitrogen_Export","2020","#2c944c"
"59","South-East Asia",32.4418067932129,"global_n_export_tnc_esa2020_compressed_md5_1d3c17","Nitrogen_Export","2020","#2c944c"
"60","Mesoamerica",21.227746963501,"global_n_export_tnc_esa2020_compressed_md5_1d3c17","Nitrogen_Export","2020","#2c944c"
"61","South America",12.3696327209473,"global_n_export_tnc_esa2020_compressed_md5_1d3c17","Nitrogen_Export","2020","#2c944c"
"62","Southern Africa",11.1383123397827,"global_n_export_tnc_esa2020_compressed_md5_1d3c17","Nitrogen_Export","2020","#2c944c"
"63","North Africa",16.2403316497803,"global_n_export_tnc_esa2020_compressed_md5_1d3c17","Nitrogen_Export","2020","#2c944c"
"64","West Africa",12.6120100021362,"global_n_export_tnc_esa2020_compressed_md5_1d3c17","Nitrogen_Export","2020","#2c944c"
"65","Central and Western Europe",62.1306457519531,"global_n_export_tnc_esa2020_compressed_md5_1d3c17","Nitrogen_Export","2020","#2c944c"
"66","Central Africa",6.98326778411865,"global_n_export_tnc_esa2020_compressed_md5_1d3c17","Nitrogen_Export","2020","#2c944c"
"67","Eastern Europe",8.63846302032471,"global_n_export_tnc_esa2020_compressed_md5_1d3c17","Nitrogen_Export","2020","#2c944c"
"68","Central Asia",13.0991725921631,"global_n_export_tnc_esa2020_compressed_md5_1d3c17","Nitrogen_Export","2020","#2c944c"
"69","East Africa and adjacent islands",10.2984380722046,"global_n_export_tnc_esa2020_compressed_md5_1d3c17","Nitrogen_Export","2020","#2c944c"
"70","South Asia",55.8169059753418,"global_n_export_tnc_esa2020_compressed_md5_1d3c17","Nitrogen_Export","2020","#2c944c"
"71","North America",18.6531867980957,"global_n_export_tnc_esa2020_compressed_md5_1d3c17","Nitrogen_Export","2020","#2c944c"
"72","North-East Asia",62.0566749572754,"global_n_export_tnc_esa2020_compressed_md5_1d3c17","Nitrogen_Export","2020","#2c944c"
"73","Caribbean",103.10285949707,"global_sed_export_marine_mod_ESA_1992_compressed_md5_18eaae","Sediment_Export","1992","#08306b"
"74","Antarctica",NA,"global_sed_export_marine_mod_ESA_1992_compressed_md5_18eaae","Sediment_Export","1992","#08306b"
"75","Oceania",15.4395799636841,"global_sed_export_marine_mod_ESA_1992_compressed_md5_18eaae","Sediment_Export","1992","#08306b"
"76","Western Asia",153.869338989258,"global_sed_export_marine_mod_ESA_1992_compressed_md5_18eaae","Sediment_Export","1992","#08306b"
"77","South-East Asia",186.572235107422,"global_sed_export_marine_mod_ESA_1992_compressed_md5_18eaae","Sediment_Export","1992","#08306b"
"78","Mesoamerica",43.5622673034668,"global_sed_export_marine_mod_ESA_1992_compressed_md5_18eaae","Sediment_Export","1992","#08306b"
"79","South America",56.1040153503418,"global_sed_export_marine_mod_ESA_1992_compressed_md5_18eaae","Sediment_Export","1992","#08306b"
"80","Southern Africa",20.2215843200684,"global_sed_export_marine_mod_ESA_1992_compressed_md5_18eaae","Sediment_Export","1992","#08306b"
"81","North Africa",33.5126152038574,"global_sed_export_marine_mod_ESA_1992_compressed_md5_18eaae","Sediment_Export","1992","#08306b"
"82","West Africa",30.7575435638428,"global_sed_export_marine_mod_ESA_1992_compressed_md5_18eaae","Sediment_Export","1992","#08306b"
"83","Central and Western Europe",41.2239265441895,"global_sed_export_marine_mod_ESA_1992_compressed_md5_18eaae","Sediment_Export","1992","#08306b"
"84","Central Africa",24.7402191162109,"global_sed_export_marine_mod_ESA_1992_compressed_md5_18eaae","Sediment_Export","1992","#08306b"
"85","Eastern Europe",6.83571577072144,"global_sed_export_marine_mod_ESA_1992_compressed_md5_18eaae","Sediment_Export","1992","#08306b"
"86","Central Asia",47.9364852905273,"global_sed_export_marine_mod_ESA_1992_compressed_md5_18eaae","Sediment_Export","1992","#08306b"
"87","East Africa and adjacent islands",106.243019104004,"global_sed_export_marine_mod_ESA_1992_compressed_md5_18eaae","Sediment_Export","1992","#08306b"
"88","South Asia",105.136184692383,"global_sed_export_marine_mod_ESA_1992_compressed_md5_18eaae","Sediment_Export","1992","#08306b"
"89","North America",11.9323616027832,"global_sed_export_marine_mod_ESA_1992_compressed_md5_18eaae","Sediment_Export","1992","#08306b"
"90","North-East Asia",115.710037231445,"global_sed_export_marine_mod_ESA_1992_compressed_md5_18eaae","Sediment_Export","1992","#08306b"
"91","Caribbean",101.81974029541,"global_sed_export_marine_mod_ESA_2020_compressed_md5_a988c0","Sediment_Export","2020","#08306b"
"92","Antarctica",NA,"global_sed_export_marine_mod_ESA_2020_compressed_md5_a988c0","Sediment_Export","2020","#08306b"
"93","Oceania",18.0881767272949,"global_sed_export_marine_mod_ESA_2020_compressed_md5_a988c0","Sediment_Export","2020","#08306b"
"94","Western Asia",152.412704467773,"global_sed_export_marine_mod_ESA_2020_compressed_md5_a988c0","Sediment_Export","2020","#08306b"
"95","South-East Asia",195.57600402832,"global_sed_export_marine_mod_ESA_2020_compressed_md5_a988c0","Sediment_Export","2020","#08306b"
"96","Mesoamerica",43.3137969970703,"global_sed_export_marine_mod_ESA_2020_compressed_md5_a988c0","Sediment_Export","2020","#08306b"
"97","South America",55.2995719909668,"global_sed_export_marine_mod_ESA_2020_compressed_md5_a988c0","Sediment_Export","2020","#08306b"
"98","Southern Africa",22.8219528198242,"global_sed_export_marine_mod_ESA_2020_compressed_md5_a988c0","Sediment_Export","2020","#08306b"
"99","North Africa",33.382453918457,"global_sed_export_marine_mod_ESA_2020_compressed_md5_a988c0","Sediment_Export","2020","#08306b"
"100","West Africa",31.8086204528809,"global_sed_export_marine_mod_ESA_2020_compressed_md5_a988c0","Sediment_Export","2020","#08306b"
"101","Central and Western Europe",41.2686882019043,"global_sed_export_marine_mod_ESA_2020_compressed_md5_a988c0","Sediment_Export","2020","#08306b"
"102","Central Africa",27.4996566772461,"global_sed_export_marine_mod_ESA_2020_compressed_md5_a988c0","Sediment_Export","2020","#08306b"
"103","Eastern Europe",7.205979347229,"global_sed_export_marine_mod_ESA_2020_compressed_md5_a988c0","Sediment_Export","2020","#08306b"
"104","Central Asia",47.9805297851562,"global_sed_export_marine_mod_ESA_2020_compressed_md5_a988c0","Sediment_Export","2020","#08306b"
"105","East Africa and adjacent islands",101.707130432129,"global_sed_export_marine_mod_ESA_2020_compressed_md5_a988c0","Sediment_Export","2020","#08306b"
"106","South Asia",102.806274414062,"global_sed_export_marine_mod_ESA_2020_compressed_md5_a988c0","Sediment_Export","2020","#08306b"
"107","North America",12.3740701675415,"global_sed_export_marine_mod_ESA_2020_compressed_md5_a988c0","Sediment_Export","2020","#08306b"
"108","North-East Asia",118.274253845215,"global_sed_export_marine_mod_ESA_2020_compressed_md5_a988c0","Sediment_Export","2020","#08306b"
"109","Caribbean",1025.89196777344,"global_usle_marine_mod_ESA_1992_compressed_md5_7e68e0","Usle","1992","#17c0ff"
"110","Antarctica",NA,"global_usle_marine_mod_ESA_1992_compressed_md5_7e68e0","Usle","1992","#17c0ff"
"111","Oceania",135.15234375,"global_usle_marine_mod_ESA_1992_compressed_md5_7e68e0","Usle","1992","#17c0ff"
"112","Western Asia",655.313110351562,"global_usle_marine_mod_ESA_1992_compressed_md5_7e68e0","Usle","1992","#17c0ff"
"113","South-East Asia",1403.462890625,"global_usle_marine_mod_ESA_1992_compressed_md5_7e68e0","Usle","1992","#17c0ff"
"114","Mesoamerica",411.140533447266,"global_usle_marine_mod_ESA_1992_compressed_md5_7e68e0","Usle","1992","#17c0ff"
"115","South America",377.654113769531,"global_usle_marine_mod_ESA_1992_compressed_md5_7e68e0","Usle","1992","#17c0ff"
"116","Southern Africa",184.938919067383,"global_usle_marine_mod_ESA_1992_compressed_md5_7e68e0","Usle","1992","#17c0ff"
"117","North Africa",181.28092956543,"global_usle_marine_mod_ESA_1992_compressed_md5_7e68e0","Usle","1992","#17c0ff"
"118","West Africa",265.797546386719,"global_usle_marine_mod_ESA_1992_compressed_md5_7e68e0","Usle","1992","#17c0ff"
"119","Central and Western Europe",277.471984863281,"global_usle_marine_mod_ESA_1992_compressed_md5_7e68e0","Usle","1992","#17c0ff"
"120","Central Africa",233.030975341797,"global_usle_marine_mod_ESA_1992_compressed_md5_7e68e0","Usle","1992","#17c0ff"
"121","Eastern Europe",60.3028526306152,"global_usle_marine_mod_ESA_1992_compressed_md5_7e68e0","Usle","1992","#17c0ff"
"122","Central Asia",219.546478271484,"global_usle_marine_mod_ESA_1992_compressed_md5_7e68e0","Usle","1992","#17c0ff"
"123","East Africa and adjacent islands",742.928283691406,"global_usle_marine_mod_ESA_1992_compressed_md5_7e68e0","Usle","1992","#17c0ff"
"124","South Asia",652.091918945312,"global_usle_marine_mod_ESA_1992_compressed_md5_7e68e0","Usle","1992","#17c0ff"
"125","North America",113.972854614258,"global_usle_marine_mod_ESA_1992_compressed_md5_7e68e0","Usle","1992","#17c0ff"
"126","North-East Asia",747.582580566406,"global_usle_marine_mod_ESA_1992_compressed_md5_7e68e0","Usle","1992","#17c0ff"
"127","Caribbean",984.049926757812,"global_usle_marine_mod_ESA_2020_compressed_md5_99e715","Usle","2020","#17c0ff"
"128","Antarctica",NA,"global_usle_marine_mod_ESA_2020_compressed_md5_99e715","Usle","2020","#17c0ff"
"129","Oceania",136.099472045898,"global_usle_marine_mod_ESA_2020_compressed_md5_99e715","Usle","2020","#17c0ff"
"130","Western Asia",650.650390625,"global_usle_marine_mod_ESA_2020_compressed_md5_99e715","Usle","2020","#17c0ff"
"131","South-East Asia",1414.91821289062,"global_usle_marine_mod_ESA_2020_compressed_md5_99e715","Usle","2020","#17c0ff"
"132","Mesoamerica",397.016937255859,"global_usle_marine_mod_ESA_2020_compressed_md5_99e715","Usle","2020","#17c0ff"
"133","South America",379.342895507812,"global_usle_marine_mod_ESA_2020_compressed_md5_99e715","Usle","2020","#17c0ff"
"134","Southern Africa",195.940994262695,"global_usle_marine_mod_ESA_2020_compressed_md5_99e715","Usle","2020","#17c0ff"
"135","North Africa",181.098083496094,"global_usle_marine_mod_ESA_2020_compressed_md5_99e715","Usle","2020","#17c0ff"
"136","West Africa",272.53173828125,"global_usle_marine_mod_ESA_2020_compressed_md5_99e715","Usle","2020","#17c0ff"
"137","Central and Western Europe",276.907440185547,"global_usle_marine_mod_ESA_2020_compressed_md5_99e715","Usle","2020","#17c0ff"
"138","Central Africa",246.251007080078,"global_usle_marine_mod_ESA_2020_compressed_md5_99e715","Usle","2020","#17c0ff"
"139","Eastern Europe",64.1439666748047,"global_usle_marine_mod_ESA_2020_compressed_md5_99e715","Usle","2020","#17c0ff"
"140","Central Asia",220.852966308594,"global_usle_marine_mod_ESA_2020_compressed_md5_99e715","Usle","2020","#17c0ff"
"141","East Africa and adjacent islands",726.518615722656,"global_usle_marine_mod_ESA_2020_compressed_md5_99e715","Usle","2020","#17c0ff"
"142","South Asia",632.119079589844,"global_usle_marine_mod_ESA_2020_compressed_md5_99e715","Usle","2020","#17c0ff"
"143","North America",117.693161010742,"global_usle_marine_mod_ESA_2020_compressed_md5_99e715","Usle","2020","#17c0ff"
"144","North-East Asia",759.990539550781,"global_usle_marine_mod_ESA_2020_compressed_md5_99e715","Usle","2020","#17c0ff"
"145","Caribbean",97416.7265625,"nature_access_lspop2019_ESA1992_md5_b32b8b","Nature_Access","1992","#A57C00"
"146","Antarctica",NA,"nature_access_lspop2019_ESA1992_md5_b32b8b","Nature_Access","1992","#A57C00"
"147","Oceania",7755.0576171875,"nature_access_lspop2019_ESA1992_md5_b32b8b","Nature_Access","1992","#A57C00"
"148","Western Asia",6262.06884765625,"nature_access_lspop2019_ESA1992_md5_b32b8b","Nature_Access","1992","#A57C00"
"149","South-East Asia",34224.69140625,"nature_access_lspop2019_ESA1992_md5_b32b8b","Nature_Access","1992","#A57C00"
"150","Mesoamerica",63695.99609375,"nature_access_lspop2019_ESA1992_md5_b32b8b","Nature_Access","1992","#A57C00"
"151","South America",21511.56640625,"nature_access_lspop2019_ESA1992_md5_b32b8b","Nature_Access","1992","#A57C00"
"152","Southern Africa",26443.7734375,"nature_access_lspop2019_ESA1992_md5_b32b8b","Nature_Access","1992","#A57C00"
"153","North Africa",6078.283203125,"nature_access_lspop2019_ESA1992_md5_b32b8b","Nature_Access","1992","#A57C00"
"154","West Africa",21360.158203125,"nature_access_lspop2019_ESA1992_md5_b32b8b","Nature_Access","1992","#A57C00"
"155","Central and Western Europe",201217.046875,"nature_access_lspop2019_ESA1992_md5_b32b8b","Nature_Access","1992","#A57C00"
"156","Central Africa",7872.3779296875,"nature_access_lspop2019_ESA1992_md5_b32b8b","Nature_Access","1992","#A57C00"
"157","Eastern Europe",8221.1650390625,"nature_access_lspop2019_ESA1992_md5_b32b8b","Nature_Access","1992","#A57C00"
"158","Central Asia",2366.83813476562,"nature_access_lspop2019_ESA1992_md5_b32b8b","Nature_Access","1992","#A57C00"
"159","East Africa and adjacent islands",17601.109375,"nature_access_lspop2019_ESA1992_md5_b32b8b","Nature_Access","1992","#A57C00"
"160","South Asia",35040.94921875,"nature_access_lspop2019_ESA1992_md5_b32b8b","Nature_Access","1992","#A57C00"
"161","North America",48411.4453125,"nature_access_lspop2019_ESA1992_md5_b32b8b","Nature_Access","1992","#A57C00"
"162","North-East Asia",38881.21484375,"nature_access_lspop2019_ESA1992_md5_b32b8b","Nature_Access","1992","#A57C00"
"163","Caribbean",193691.875,"nature_access_lspop2019_ESA2020ag_compressed_md5_6496bd","Nature_Access","2020","#A57C00"
"164","Antarctica",NA,"nature_access_lspop2019_ESA2020ag_compressed_md5_6496bd","Nature_Access","2020","#A57C00"
"165","Oceania",28007.734375,"nature_access_lspop2019_ESA2020ag_compressed_md5_6496bd","Nature_Access","2020","#A57C00"
"166","Western Asia",137763.109375,"nature_access_lspop2019_ESA2020ag_compressed_md5_6496bd","Nature_Access","2020","#A57C00"
"167","South-East Asia",139256.296875,"nature_access_lspop2019_ESA2020ag_compressed_md5_6496bd","Nature_Access","2020","#A57C00"
"168","Mesoamerica",76516.7578125,"nature_access_lspop2019_ESA2020ag_compressed_md5_6496bd","Nature_Access","2020","#A57C00"
"169","South America",47194.73828125,"nature_access_lspop2019_ESA2020ag_compressed_md5_6496bd","Nature_Access","2020","#A57C00"
"170","Southern Africa",29889.697265625,"nature_access_lspop2019_ESA2020ag_compressed_md5_6496bd","Nature_Access","2020","#A57C00"
"171","North Africa",50125.49609375,"nature_access_lspop2019_ESA2020ag_compressed_md5_6496bd","Nature_Access","2020","#A57C00"
"172","West Africa",78365.7421875,"nature_access_lspop2019_ESA2020ag_compressed_md5_6496bd","Nature_Access","2020","#A57C00"
"173","Central and Western Europe",419986.21875,"nature_access_lspop2019_ESA2020ag_compressed_md5_6496bd","Nature_Access","2020","#A57C00"
"174","Central Africa",14550.5107421875,"nature_access_lspop2019_ESA2020ag_compressed_md5_6496bd","Nature_Access","2020","#A57C00"
"175","Eastern Europe",37805.125,"nature_access_lspop2019_ESA2020ag_compressed_md5_6496bd","Nature_Access","2020","#A57C00"
"176","Central Asia",5046.9345703125,"nature_access_lspop2019_ESA2020ag_compressed_md5_6496bd","Nature_Access","2020","#A57C00"
"177","East Africa and adjacent islands",34289.08984375,"nature_access_lspop2019_ESA2020ag_compressed_md5_6496bd","Nature_Access","2020","#A57C00"
"178","South Asia",150006.84375,"nature_access_lspop2019_ESA2020ag_compressed_md5_6496bd","Nature_Access","2020","#A57C00"
"179","North America",173867.859375,"nature_access_lspop2019_ESA2020ag_compressed_md5_6496bd","Nature_Access","2020","#A57C00"
"180","North-East Asia",86977.609375,"nature_access_lspop2019_ESA2020ag_compressed_md5_6496bd","Nature_Access","2020","#A57C00"
"181","Caribbean",1.13250064849854,"realized_polllination_on_ag_ESA1992mar_md5_d3d0d3","Pollination","1992","#dd1c77"
"182","Antarctica",0,"realized_polllination_on_ag_ESA1992mar_md5_d3d0d3","Pollination","1992","#dd1c77"
"183","Oceania",0.0381626039743423,"realized_polllination_on_ag_ESA1992mar_md5_d3d0d3","Pollination","1992","#dd1c77"
"184","Western Asia",0.0589707158505917,"realized_polllination_on_ag_ESA1992mar_md5_d3d0d3","Pollination","1992","#dd1c77"
"185","South-East Asia",0.207511439919472,"realized_polllination_on_ag_ESA1992mar_md5_d3d0d3","Pollination","1992","#dd1c77"
"186","Mesoamerica",0.364224374294281,"realized_polllination_on_ag_ESA1992mar_md5_d3d0d3","Pollination","1992","#dd1c77"
"187","South America",0.144130811095238,"realized_polllination_on_ag_ESA1992mar_md5_d3d0d3","Pollination","1992","#dd1c77"
"188","Southern Africa",0.0234078131616116,"realized_polllination_on_ag_ESA1992mar_md5_d3d0d3","Pollination","1992","#dd1c77"
"189","North Africa",0.0934168323874474,"realized_polllination_on_ag_ESA1992mar_md5_d3d0d3","Pollination","1992","#dd1c77"
"190","West Africa",0.0714851170778275,"realized_polllination_on_ag_ESA1992mar_md5_d3d0d3","Pollination","1992","#dd1c77"
"191","Central and Western Europe",0.774271726608276,"realized_polllination_on_ag_ESA1992mar_md5_d3d0d3","Pollination","1992","#dd1c77"
"192","Central Africa",0.00687139574438334,"realized_polllination_on_ag_ESA1992mar_md5_d3d0d3","Pollination","1992","#dd1c77"
"193","Eastern Europe",0.0576886981725693,"realized_polllination_on_ag_ESA1992mar_md5_d3d0d3","Pollination","1992","#dd1c77"
"194","Central Asia",0.0492912270128727,"realized_polllination_on_ag_ESA1992mar_md5_d3d0d3","Pollination","1992","#dd1c77"
"195","East Africa and adjacent islands",0.0216255113482475,"realized_polllination_on_ag_ESA1992mar_md5_d3d0d3","Pollination","1992","#dd1c77"
"196","South Asia",0.258504033088684,"realized_polllination_on_ag_ESA1992mar_md5_d3d0d3","Pollination","1992","#dd1c77"
"197","North America",0.0887551158666611,"realized_polllination_on_ag_ESA1992mar_md5_d3d0d3","Pollination","1992","#dd1c77"
"198","North-East Asia",0.74595183134079,"realized_polllination_on_ag_ESA1992mar_md5_d3d0d3","Pollination","1992","#dd1c77"
"199","Caribbean",1.17698860168457,"realized_polllination_on_ag_ESA2020mar_md5_da610a","Pollination","2020","#dd1c77"
"200","Antarctica",0,"realized_polllination_on_ag_ESA2020mar_md5_da610a","Pollination","2020","#dd1c77"
"201","Oceania",0.0403204895555973,"realized_polllination_on_ag_ESA2020mar_md5_da610a","Pollination","2020","#dd1c77"
"202","Western Asia",0.0755109637975693,"realized_polllination_on_ag_ESA2020mar_md5_da610a","Pollination","2020","#dd1c77"
"203","South-East Asia",0.223047345876694,"realized_polllination_on_ag_ESA2020mar_md5_da610a","Pollination","2020","#dd1c77"
"204","Mesoamerica",0.411425024271011,"realized_polllination_on_ag_ESA2020mar_md5_da610a","Pollination","2020","#dd1c77"
"205","South America",0.144602999091148,"realized_polllination_on_ag_ESA2020mar_md5_da610a","Pollination","2020","#dd1c77"
"206","Southern Africa",0.0243707317858934,"realized_polllination_on_ag_ESA2020mar_md5_da610a","Pollination","2020","#dd1c77"
"207","North Africa",0.11056512594223,"realized_polllination_on_ag_ESA2020mar_md5_da610a","Pollination","2020","#dd1c77"
"208","West Africa",0.0869258344173431,"realized_polllination_on_ag_ESA2020mar_md5_da610a","Pollination","2020","#dd1c77"
"209","Central and Western Europe",0.812656581401825,"realized_polllination_on_ag_ESA2020mar_md5_da610a","Pollination","2020","#dd1c77"
"210","Central Africa",0.00748810777440667,"realized_polllination_on_ag_ESA2020mar_md5_da610a","Pollination","2020","#dd1c77"
"211","Eastern Europe",0.0597135052084923,"realized_polllination_on_ag_ESA2020mar_md5_da610a","Pollination","2020","#dd1c77"
"212","Central Asia",0.049833670258522,"realized_polllination_on_ag_ESA2020mar_md5_da610a","Pollination","2020","#dd1c77"
"213","East Africa and adjacent islands",0.0231299810111523,"realized_polllination_on_ag_ESA2020mar_md5_da610a","Pollination","2020","#dd1c77"
"214","South Asia",0.28044980764389,"realized_polllination_on_ag_ESA2020mar_md5_da610a","Pollination","2020","#dd1c77"
"215","North America",0.0938765406608582,"realized_polllination_on_ag_ESA2020mar_md5_da610a","Pollination","2020","#dd1c77"
"216","North-East Asia",0.815784931182861,"realized_polllination_on_ag_ESA2020mar_md5_da610a","Pollination","2020","#dd1c77"
"217","Caribbean",0.00923166424036026,"coastal_risk_esa2020_value_md5_f9f644","Coastal_Protection","diff","#9e9ac8"
"218","Antarctica",NA,"coastal_risk_esa2020_value_md5_f9f644","Coastal_Protection","diff","#9e9ac8"
"219","Oceania",-0.000883178727235645,"coastal_risk_esa2020_value_md5_f9f644","Coastal_Protection","diff","#9e9ac8"
"220","Western Asia",-0.00245755421929061,"coastal_risk_esa2020_value_md5_f9f644","Coastal_Protection","diff","#9e9ac8"
"221","South-East Asia",-0.00232926197350025,"coastal_risk_esa2020_value_md5_f9f644","Coastal_Protection","diff","#9e9ac8"
"222","Mesoamerica",0.0196627508848906,"coastal_risk_esa2020_value_md5_f9f644","Coastal_Protection","diff","#9e9ac8"
"223","South America",-0.0202841199934483,"coastal_risk_esa2020_value_md5_f9f644","Coastal_Protection","diff","#9e9ac8"
"224","Southern Africa",0.00150143587961793,"coastal_risk_esa2020_value_md5_f9f644","Coastal_Protection","diff","#9e9ac8"
"225","North Africa",0.0142267988994718,"coastal_risk_esa2020_value_md5_f9f644","Coastal_Protection","diff","#9e9ac8"
"226","West Africa",-0.00255489954724908,"coastal_risk_esa2020_value_md5_f9f644","Coastal_Protection","diff","#9e9ac8"
"227","Central and Western Europe",0.00534825120121241,"coastal_risk_esa2020_value_md5_f9f644","Coastal_Protection","diff","#9e9ac8"
"228","Central Africa",0.032311599701643,"coastal_risk_esa2020_value_md5_f9f644","Coastal_Protection","diff","#9e9ac8"
"229","Eastern Europe",-0.0130317844450474,"coastal_risk_esa2020_value_md5_f9f644","Coastal_Protection","diff","#9e9ac8"
"230","Central Asia",NA,"coastal_risk_esa2020_value_md5_f9f644","Coastal_Protection","diff","#9e9ac8"
"231","East Africa and adjacent islands",0.00102151522878557,"coastal_risk_esa2020_value_md5_f9f644","Coastal_Protection","diff","#9e9ac8"
"232","South Asia",0.00063282554037869,"coastal_risk_esa2020_value_md5_f9f644","Coastal_Protection","diff","#9e9ac8"
"233","North America",-0.000575877202209085,"coastal_risk_esa2020_value_md5_f9f644","Coastal_Protection","diff","#9e9ac8"
"234","North-East Asia",-0.00650842860341072,"coastal_risk_esa2020_value_md5_f9f644","Coastal_Protection","diff","#9e9ac8"
"235","Caribbean",61736.5078125,"nature_access_lspop2019_ESA2020ag_compressed_md5_6496bd","Nature_Access","diff","#A57C00"
"236","Antarctica",NA,"nature_access_lspop2019_ESA2020ag_compressed_md5_6496bd","Nature_Access","diff","#A57C00"
"237","Oceania",4788.759765625,"nature_access_lspop2019_ESA2020ag_compressed_md5_6496bd","Nature_Access","diff","#A57C00"
"238","Western Asia",48706.8828125,"nature_access_lspop2019_ESA2020ag_compressed_md5_6496bd","Nature_Access","diff","#A57C00"
"239","South-East Asia",94192.828125,"nature_access_lspop2019_ESA2020ag_compressed_md5_6496bd","Nature_Access","diff","#A57C00"
"240","Mesoamerica",10965.4638671875,"nature_access_lspop2019_ESA2020ag_compressed_md5_6496bd","Nature_Access","diff","#A57C00"
"241","South America",12364.8994140625,"nature_access_lspop2019_ESA2020ag_compressed_md5_6496bd","Nature_Access","diff","#A57C00"
"242","Southern Africa",4227.939453125,"nature_access_lspop2019_ESA2020ag_compressed_md5_6496bd","Nature_Access","diff","#A57C00"
"243","North Africa",14838.0546875,"nature_access_lspop2019_ESA2020ag_compressed_md5_6496bd","Nature_Access","diff","#A57C00"
"244","West Africa",36466.24609375,"nature_access_lspop2019_ESA2020ag_compressed_md5_6496bd","Nature_Access","diff","#A57C00"
"245","Central and Western Europe",79389.5703125,"nature_access_lspop2019_ESA2020ag_compressed_md5_6496bd","Nature_Access","diff","#A57C00"
"246","Central Africa",3754.15161132812,"nature_access_lspop2019_ESA2020ag_compressed_md5_6496bd","Nature_Access","diff","#A57C00"
"247","Eastern Europe",9365.1953125,"nature_access_lspop2019_ESA2020ag_compressed_md5_6496bd","Nature_Access","diff","#A57C00"
"248","Central Asia",1200.46398925781,"nature_access_lspop2019_ESA2020ag_compressed_md5_6496bd","Nature_Access","diff","#A57C00"
"249","East Africa and adjacent islands",13917.5361328125,"nature_access_lspop2019_ESA2020ag_compressed_md5_6496bd","Nature_Access","diff","#A57C00"
"250","South Asia",53798.53125,"nature_access_lspop2019_ESA2020ag_compressed_md5_6496bd","Nature_Access","diff","#A57C00"
"251","North America",19929.767578125,"nature_access_lspop2019_ESA2020ag_compressed_md5_6496bd","Nature_Access","diff","#A57C00"
"252","North-East Asia",26837.37109375,"nature_access_lspop2019_ESA2020ag_compressed_md5_6496bd","Nature_Access","diff","#A57C00"
"253","Caribbean",-0.462426483631134,"global_n_export_tnc_esa2020_compressed_md5_1d3c17","Nitrogen_Export","diff","#2c944c"
"254","Antarctica",NA,"global_n_export_tnc_esa2020_compressed_md5_1d3c17","Nitrogen_Export","diff","#2c944c"
"255","Oceania",0.194291681051254,"global_n_export_tnc_esa2020_compressed_md5_1d3c17","Nitrogen_Export","diff","#2c944c"
"256","Western Asia",0.533150970935822,"global_n_export_tnc_esa2020_compressed_md5_1d3c17","Nitrogen_Export","diff","#2c944c"
"257","South-East Asia",1.47633564472198,"global_n_export_tnc_esa2020_compressed_md5_1d3c17","Nitrogen_Export","diff","#2c944c"
"258","Mesoamerica",1.16074705123901,"global_n_export_tnc_esa2020_compressed_md5_1d3c17","Nitrogen_Export","diff","#2c944c"
"259","South America",0.271632939577103,"global_n_export_tnc_esa2020_compressed_md5_1d3c17","Nitrogen_Export","diff","#2c944c"
"260","Southern Africa",0.520837068557739,"global_n_export_tnc_esa2020_compressed_md5_1d3c17","Nitrogen_Export","diff","#2c944c"
"261","North Africa",1.54496037960052,"global_n_export_tnc_esa2020_compressed_md5_1d3c17","Nitrogen_Export","diff","#2c944c"
"262","West Africa",0.153680980205536,"global_n_export_tnc_esa2020_compressed_md5_1d3c17","Nitrogen_Export","diff","#2c944c"
"263","Central and Western Europe",-0.237841978669167,"global_n_export_tnc_esa2020_compressed_md5_1d3c17","Nitrogen_Export","diff","#2c944c"
"264","Central Africa",0.0650386810302734,"global_n_export_tnc_esa2020_compressed_md5_1d3c17","Nitrogen_Export","diff","#2c944c"
"265","Eastern Europe",0.00841162353754044,"global_n_export_tnc_esa2020_compressed_md5_1d3c17","Nitrogen_Export","diff","#2c944c"
"266","Central Asia",0.144007042050362,"global_n_export_tnc_esa2020_compressed_md5_1d3c17","Nitrogen_Export","diff","#2c944c"
"267","East Africa and adjacent islands",-0.178974613547325,"global_n_export_tnc_esa2020_compressed_md5_1d3c17","Nitrogen_Export","diff","#2c944c"
"268","South Asia",0.515884637832642,"global_n_export_tnc_esa2020_compressed_md5_1d3c17","Nitrogen_Export","diff","#2c944c"
"269","North America",0.160922154784203,"global_n_export_tnc_esa2020_compressed_md5_1d3c17","Nitrogen_Export","diff","#2c944c"
"270","North-East Asia",1.47481560707092,"global_n_export_tnc_esa2020_compressed_md5_1d3c17","Nitrogen_Export","diff","#2c944c"
"271","Caribbean",0.0444845929741859,"realized_polllination_on_ag_ESA2020mar_md5_da610a","Pollination","diff","#dd1c77"
"272","Antarctica",0,"realized_polllination_on_ag_ESA2020mar_md5_da610a","Pollination","diff","#dd1c77"
"273","Oceania",0.00215706252492964,"realized_polllination_on_ag_ESA2020mar_md5_da610a","Pollination","diff","#dd1c77"
"274","Western Asia",0.0165394749492407,"realized_polllination_on_ag_ESA2020mar_md5_da610a","Pollination","diff","#dd1c77"
"275","South-East Asia",0.0155317643657327,"realized_polllination_on_ag_ESA2020mar_md5_da610a","Pollination","diff","#dd1c77"
"276","Mesoamerica",0.0472001917660236,"realized_polllination_on_ag_ESA2020mar_md5_da610a","Pollination","diff","#dd1c77"
"277","South America",0.000471524486783892,"realized_polllination_on_ag_ESA2020mar_md5_da610a","Pollination","diff","#dd1c77"
"278","Southern Africa",0.000962917227298021,"realized_polllination_on_ag_ESA2020mar_md5_da610a","Pollination","diff","#dd1c77"
"279","North Africa",0.0171572994440794,"realized_polllination_on_ag_ESA2020mar_md5_da610a","Pollination","diff","#dd1c77"
"280","West Africa",0.0154397403821349,"realized_polllination_on_ag_ESA2020mar_md5_da610a","Pollination","diff","#dd1c77"
"281","Central and Western Europe",0.0383752100169659,"realized_polllination_on_ag_ESA2020mar_md5_da610a","Pollination","diff","#dd1c77"
"282","Central Africa",0.000616711971815675,"realized_polllination_on_ag_ESA2020mar_md5_da610a","Pollination","diff","#dd1c77"
"283","Eastern Europe",0.00202460517175496,"realized_polllination_on_ag_ESA2020mar_md5_da610a","Pollination","diff","#dd1c77"
"284","Central Asia",0.000542441674042493,"realized_polllination_on_ag_ESA2020mar_md5_da610a","Pollination","diff","#dd1c77"
"285","East Africa and adjacent islands",0.00150450959336013,"realized_polllination_on_ag_ESA2020mar_md5_da610a","Pollination","diff","#dd1c77"
"286","South Asia",0.0219406243413687,"realized_polllination_on_ag_ESA2020mar_md5_da610a","Pollination","diff","#dd1c77"
"287","North America",0.00512139778584242,"realized_polllination_on_ag_ESA2020mar_md5_da610a","Pollination","diff","#dd1c77"
"288","North-East Asia",0.0697028562426567,"realized_polllination_on_ag_ESA2020mar_md5_da610a","Pollination","diff","#dd1c77"
"289","Caribbean",-1.28311014175415,"global_sed_export_marine_mod_ESA_2020_compressed_md5_a988c0","Sediment_Export","diff","#08306b"
"290","Antarctica",NA,"global_sed_export_marine_mod_ESA_2020_compressed_md5_a988c0","Sediment_Export","diff","#08306b"
"291","Oceania",2.64859509468079,"global_sed_export_marine_mod_ESA_2020_compressed_md5_a988c0","Sediment_Export","diff","#08306b"
"292","Western Asia",-1.45663547515869,"global_sed_export_marine_mod_ESA_2020_compressed_md5_a988c0","Sediment_Export","diff","#08306b"
"293","South-East Asia",9.00376510620117,"global_sed_export_marine_mod_ESA_2020_compressed_md5_a988c0","Sediment_Export","diff","#08306b"
"294","Mesoamerica",-0.248469635844231,"global_sed_export_marine_mod_ESA_2020_compressed_md5_a988c0","Sediment_Export","diff","#08306b"
"295","South America",-0.80444723367691,"global_sed_export_marine_mod_ESA_2020_compressed_md5_a988c0","Sediment_Export","diff","#08306b"
"296","Southern Africa",2.59195137023926,"global_sed_export_marine_mod_ESA_2020_compressed_md5_a988c0","Sediment_Export","diff","#08306b"
"297","North Africa",-0.130161806941032,"global_sed_export_marine_mod_ESA_2020_compressed_md5_a988c0","Sediment_Export","diff","#08306b"
"298","West Africa",1.04852664470673,"global_sed_export_marine_mod_ESA_2020_compressed_md5_a988c0","Sediment_Export","diff","#08306b"
"299","Central and Western Europe",0.0447587743401527,"global_sed_export_marine_mod_ESA_2020_compressed_md5_a988c0","Sediment_Export","diff","#08306b"
"300","Central Africa",2.75943899154663,"global_sed_export_marine_mod_ESA_2020_compressed_md5_a988c0","Sediment_Export","diff","#08306b"
"301","Eastern Europe",0.370263129472733,"global_sed_export_marine_mod_ESA_2020_compressed_md5_a988c0","Sediment_Export","diff","#08306b"
"302","Central Asia",0.0440430529415607,"global_sed_export_marine_mod_ESA_2020_compressed_md5_a988c0","Sediment_Export","diff","#08306b"
"303","East Africa and adjacent islands",-4.53588771820068,"global_sed_export_marine_mod_ESA_2020_compressed_md5_a988c0","Sediment_Export","diff","#08306b"
"304","South Asia",-2.32991981506348,"global_sed_export_marine_mod_ESA_2020_compressed_md5_a988c0","Sediment_Export","diff","#08306b"
"305","North America",0.441708385944366,"global_sed_export_marine_mod_ESA_2020_compressed_md5_a988c0","Sediment_Export","diff","#08306b"
"306","North-East Asia",2.56422424316406,"global_sed_export_marine_mod_ESA_2020_compressed_md5_a988c0","Sediment_Export","diff","#08306b"
"307","Caribbean",-41.8421096801758,"global_usle_marine_mod_ESA_2020_compressed_md5_99e715","Usle","diff","#17c0ff"
"308","Antarctica",NA,"global_usle_marine_mod_ESA_2020_compressed_md5_99e715","Usle","diff","#17c0ff"
"309","Oceania",0.94712221622467,"global_usle_marine_mod_ESA_2020_compressed_md5_99e715","Usle","diff","#17c0ff"
"310","Western Asia",-4.66266202926636,"global_usle_marine_mod_ESA_2020_compressed_md5_99e715","Usle","diff","#17c0ff"
"311","South-East Asia",11.4552812576294,"global_usle_marine_mod_ESA_2020_compressed_md5_99e715","Usle","diff","#17c0ff"
"312","Mesoamerica",-14.1236257553101,"global_usle_marine_mod_ESA_2020_compressed_md5_99e715","Usle","diff","#17c0ff"
"313","South America",1.68874967098236,"global_usle_marine_mod_ESA_2020_compressed_md5_99e715","Usle","diff","#17c0ff"
"314","Southern Africa",11.0020771026611,"global_usle_marine_mod_ESA_2020_compressed_md5_99e715","Usle","diff","#17c0ff"
"315","North Africa",-0.182837709784508,"global_usle_marine_mod_ESA_2020_compressed_md5_99e715","Usle","diff","#17c0ff"
"316","West Africa",6.73419904708862,"global_usle_marine_mod_ESA_2020_compressed_md5_99e715","Usle","diff","#17c0ff"
"317","Central and Western Europe",-0.564539849758148,"global_usle_marine_mod_ESA_2020_compressed_md5_99e715","Usle","diff","#17c0ff"
"318","Central Africa",13.2200345993042,"global_usle_marine_mod_ESA_2020_compressed_md5_99e715","Usle","diff","#17c0ff"
"319","Eastern Europe",3.8411135673523,"global_usle_marine_mod_ESA_2020_compressed_md5_99e715","Usle","diff","#17c0ff"
"320","Central Asia",1.30648255348206,"global_usle_marine_mod_ESA_2020_compressed_md5_99e715","Usle","diff","#17c0ff"
"321","East Africa and adjacent islands",-16.4097232818604,"global_usle_marine_mod_ESA_2020_compressed_md5_99e715","Usle","diff","#17c0ff"
"322","South Asia",-19.9728355407715,"global_usle_marine_mod_ESA_2020_compressed_md5_99e715","Usle","diff","#17c0ff"
"323","North America",3.6891713142395,"global_usle_marine_mod_ESA_2020_compressed_md5_99e715","Usle","diff","#17c0ff"
"324","North-East Asia",12.4080057144165,"global_usle_marine_mod_ESA_2020_compressed_md5_99e715","Usle","diff","#17c0ff"
