"","subregion","mean","raster_name","service","year","color"
"1","Seven seas (open ocean)",1.56947016716003,"coastal_risk_esa1992_value_md5_3bd250","Coastal_Protection",1992,"#9e9ac8"
"2","Antarctica",NA,"coastal_risk_esa1992_value_md5_3bd250","Coastal_Protection",1992,"#9e9ac8"
"3","Northern Africa",1.47545611858368,"coastal_risk_esa1992_value_md5_3bd250","Coastal_Protection",1992,"#9e9ac8"
"4","Central Asia",NA,"coastal_risk_esa1992_value_md5_3bd250","Coastal_Protection",1992,"#9e9ac8"
"5","Eastern Asia",1.7753529548645,"coastal_risk_esa1992_value_md5_3bd250","Coastal_Protection",1992,"#9e9ac8"
"6","Melanesia",1.44217383861542,"coastal_risk_esa1992_value_md5_3bd250","Coastal_Protection",1992,"#9e9ac8"
"7","Middle Africa",1.91397500038147,"coastal_risk_esa1992_value_md5_3bd250","Coastal_Protection",1992,"#9e9ac8"
"8","South-Eastern Asia",1.57305669784546,"coastal_risk_esa1992_value_md5_3bd250","Coastal_Protection",1992,"#9e9ac8"
"9","Southern Europe",1.56291091442108,"coastal_risk_esa1992_value_md5_3bd250","Coastal_Protection",1992,"#9e9ac8"
"10","Western Africa",1.65983831882477,"coastal_risk_esa1992_value_md5_3bd250","Coastal_Protection",1992,"#9e9ac8"
"11","Eastern Europe",1.11670994758606,"coastal_risk_esa1992_value_md5_3bd250","Coastal_Protection",1992,"#9e9ac8"
"12","Southern Asia",1.59525632858276,"coastal_risk_esa1992_value_md5_3bd250","Coastal_Protection",1992,"#9e9ac8"
"13","Southern Africa",1.21088063716888,"coastal_risk_esa1992_value_md5_3bd250","Coastal_Protection",1992,"#9e9ac8"
"14","Caribbean",1.31112539768219,"coastal_risk_esa1992_value_md5_3bd250","Coastal_Protection",1992,"#9e9ac8"
"15","Northern Europe",1.38989448547363,"coastal_risk_esa1992_value_md5_3bd250","Coastal_Protection",1992,"#9e9ac8"
"16","Polynesia",2.59601807594299,"coastal_risk_esa1992_value_md5_3bd250","Coastal_Protection",1992,"#9e9ac8"
"17","Micronesia",2.7927622795105,"coastal_risk_esa1992_value_md5_3bd250","Coastal_Protection",1992,"#9e9ac8"
"18","Australia and New Zealand",1.44312405586243,"coastal_risk_esa1992_value_md5_3bd250","Coastal_Protection",1992,"#9e9ac8"
"19","Eastern Africa",1.19266080856323,"coastal_risk_esa1992_value_md5_3bd250","Coastal_Protection",1992,"#9e9ac8"
"20","Northern America",1.28545296192169,"coastal_risk_esa1992_value_md5_3bd250","Coastal_Protection",1992,"#9e9ac8"
"21","Central America",1.66060304641724,"coastal_risk_esa1992_value_md5_3bd250","Coastal_Protection",1992,"#9e9ac8"
"22","Western Asia",1.72298228740692,"coastal_risk_esa1992_value_md5_3bd250","Coastal_Protection",1992,"#9e9ac8"
"23","Western Europe",1.27187645435333,"coastal_risk_esa1992_value_md5_3bd250","Coastal_Protection",1992,"#9e9ac8"
"24","South America",1.975252866745,"coastal_risk_esa1992_value_md5_3bd250","Coastal_Protection",1992,"#9e9ac8"
"25","Seven seas (open ocean)",1.56947016716003,"coastal_risk_esa2020_value_md5_f9f644","Coastal_Protection",2020,"#9e9ac8"
"26","Antarctica",NA,"coastal_risk_esa2020_value_md5_f9f644","Coastal_Protection",2020,"#9e9ac8"
"27","Northern Africa",1.51272296905518,"coastal_risk_esa2020_value_md5_f9f644","Coastal_Protection",2020,"#9e9ac8"
"28","Central Asia",NA,"coastal_risk_esa2020_value_md5_f9f644","Coastal_Protection",2020,"#9e9ac8"
"29","Eastern Asia",1.77828478813171,"coastal_risk_esa2020_value_md5_f9f644","Coastal_Protection",2020,"#9e9ac8"
"30","Melanesia",1.45443475246429,"coastal_risk_esa2020_value_md5_f9f644","Coastal_Protection",2020,"#9e9ac8"
"31","Middle Africa",1.98904824256897,"coastal_risk_esa2020_value_md5_f9f644","Coastal_Protection",2020,"#9e9ac8"
"32","South-Eastern Asia",1.56880688667297,"coastal_risk_esa2020_value_md5_f9f644","Coastal_Protection",2020,"#9e9ac8"
"33","Southern Europe",1.58170819282532,"coastal_risk_esa2020_value_md5_f9f644","Coastal_Protection",2020,"#9e9ac8"
"34","Western Africa",1.64971911907196,"coastal_risk_esa2020_value_md5_f9f644","Coastal_Protection",2020,"#9e9ac8"
"35","Eastern Europe",1.09587025642395,"coastal_risk_esa2020_value_md5_f9f644","Coastal_Protection",2020,"#9e9ac8"
"36","Southern Asia",1.60016763210297,"coastal_risk_esa2020_value_md5_f9f644","Coastal_Protection",2020,"#9e9ac8"
"37","Southern Africa",1.25890231132507,"coastal_risk_esa2020_value_md5_f9f644","Coastal_Protection",2020,"#9e9ac8"
"38","Caribbean",1.32213664054871,"coastal_risk_esa2020_value_md5_f9f644","Coastal_Protection",2020,"#9e9ac8"
"39","Northern Europe",1.3965528011322,"coastal_risk_esa2020_value_md5_f9f644","Coastal_Protection",2020,"#9e9ac8"
"40","Polynesia",2.59601807594299,"coastal_risk_esa2020_value_md5_f9f644","Coastal_Protection",2020,"#9e9ac8"
"41","Micronesia",2.79658389091492,"coastal_risk_esa2020_value_md5_f9f644","Coastal_Protection",2020,"#9e9ac8"
"42","Australia and New Zealand",1.4294775724411,"coastal_risk_esa2020_value_md5_f9f644","Coastal_Protection",2020,"#9e9ac8"
"43","Eastern Africa",1.19058966636658,"coastal_risk_esa2020_value_md5_f9f644","Coastal_Protection",2020,"#9e9ac8"
"44","Northern America",1.27994275093079,"coastal_risk_esa2020_value_md5_f9f644","Coastal_Protection",2020,"#9e9ac8"
"45","Central America",1.67551481723785,"coastal_risk_esa2020_value_md5_f9f644","Coastal_Protection",2020,"#9e9ac8"
"46","Western Asia",1.69360935688019,"coastal_risk_esa2020_value_md5_f9f644","Coastal_Protection",2020,"#9e9ac8"
"47","Western Europe",1.24469351768494,"coastal_risk_esa2020_value_md5_f9f644","Coastal_Protection",2020,"#9e9ac8"
"48","South America",1.9414781332016,"coastal_risk_esa2020_value_md5_f9f644","Coastal_Protection",2020,"#9e9ac8"
"49","Seven seas (open ocean)",NA,"global_n_export_tnc_esa1992_compressed_md5_728edc","Nitrogen_Export",1992,"#2c944c"
"50","Antarctica",NA,"global_n_export_tnc_esa1992_compressed_md5_728edc","Nitrogen_Export",1992,"#2c944c"
"51","Northern Africa",15.6034345626831,"global_n_export_tnc_esa1992_compressed_md5_728edc","Nitrogen_Export",1992,"#2c944c"
"52","Central Asia",12.9538087844849,"global_n_export_tnc_esa1992_compressed_md5_728edc","Nitrogen_Export",1992,"#2c944c"
"53","Eastern Asia",60.569091796875,"global_n_export_tnc_esa1992_compressed_md5_728edc","Nitrogen_Export",1992,"#2c944c"
"54","Melanesia",4.20282411575317,"global_n_export_tnc_esa1992_compressed_md5_728edc","Nitrogen_Export",1992,"#2c944c"
"55","Middle Africa",7.02450799942017,"global_n_export_tnc_esa1992_compressed_md5_728edc","Nitrogen_Export",1992,"#2c944c"
"56","South-Eastern Asia",30.9632320404053,"global_n_export_tnc_esa1992_compressed_md5_728edc","Nitrogen_Export",1992,"#2c944c"
"57","Southern Europe",63.4079475402832,"global_n_export_tnc_esa1992_compressed_md5_728edc","Nitrogen_Export",1992,"#2c944c"
"58","Western Africa",12.1620082855225,"global_n_export_tnc_esa1992_compressed_md5_728edc","Nitrogen_Export",1992,"#2c944c"
"59","Eastern Europe",11.9115018844604,"global_n_export_tnc_esa1992_compressed_md5_728edc","Nitrogen_Export",1992,"#2c944c"
"60","Southern Asia",55.3146858215332,"global_n_export_tnc_esa1992_compressed_md5_728edc","Nitrogen_Export",1992,"#2c944c"
"61","Southern Africa",13.0329236984253,"global_n_export_tnc_esa1992_compressed_md5_728edc","Nitrogen_Export",1992,"#2c944c"
"62","Caribbean",22.4630851745605,"global_n_export_tnc_esa1992_compressed_md5_728edc","Nitrogen_Export",1992,"#2c944c"
"63","Northern Europe",31.4916858673096,"global_n_export_tnc_esa1992_compressed_md5_728edc","Nitrogen_Export",1992,"#2c944c"
"64","Polynesia",NA,"global_n_export_tnc_esa1992_compressed_md5_728edc","Nitrogen_Export",1992,"#2c944c"
"65","Micronesia",NA,"global_n_export_tnc_esa1992_compressed_md5_728edc","Nitrogen_Export",1992,"#2c944c"
"66","Australia and New Zealand",13.607328414917,"global_n_export_tnc_esa1992_compressed_md5_728edc","Nitrogen_Export",1992,"#2c944c"
"67","Eastern Africa",10.0990104675293,"global_n_export_tnc_esa1992_compressed_md5_728edc","Nitrogen_Export",1992,"#2c944c"
"68","Northern America",18.4919815063477,"global_n_export_tnc_esa1992_compressed_md5_728edc","Nitrogen_Export",1992,"#2c944c"
"69","Central America",20.0658283233643,"global_n_export_tnc_esa1992_compressed_md5_728edc","Nitrogen_Export",1992,"#2c944c"
"70","Western Asia",65.2611923217773,"global_n_export_tnc_esa1992_compressed_md5_728edc","Nitrogen_Export",1992,"#2c944c"
"71","Western Europe",77.710693359375,"global_n_export_tnc_esa1992_compressed_md5_728edc","Nitrogen_Export",1992,"#2c944c"
"72","South America",12.1362314224243,"global_n_export_tnc_esa1992_compressed_md5_728edc","Nitrogen_Export",1992,"#2c944c"
"73","Seven seas (open ocean)",NA,"global_n_export_tnc_esa2020_compressed_md5_1d3c17","Nitrogen_Export",2020,"#2c944c"
"74","Antarctica",NA,"global_n_export_tnc_esa2020_compressed_md5_1d3c17","Nitrogen_Export",2020,"#2c944c"
"75","Northern Africa",17.3193550109863,"global_n_export_tnc_esa2020_compressed_md5_1d3c17","Nitrogen_Export",2020,"#2c944c"
"76","Central Asia",13.097804069519,"global_n_export_tnc_esa2020_compressed_md5_1d3c17","Nitrogen_Export",2020,"#2c944c"
"77","Eastern Asia",62.0434989929199,"global_n_export_tnc_esa2020_compressed_md5_1d3c17","Nitrogen_Export",2020,"#2c944c"
"78","Melanesia",4.3528265953064,"global_n_export_tnc_esa2020_compressed_md5_1d3c17","Nitrogen_Export",2020,"#2c944c"
"79","Middle Africa",7.09610462188721,"global_n_export_tnc_esa2020_compressed_md5_1d3c17","Nitrogen_Export",2020,"#2c944c"
"80","South-Eastern Asia",32.4393882751465,"global_n_export_tnc_esa2020_compressed_md5_1d3c17","Nitrogen_Export",2020,"#2c944c"
"81","Southern Europe",64.3578109741211,"global_n_export_tnc_esa2020_compressed_md5_1d3c17","Nitrogen_Export",2020,"#2c944c"
"82","Western Africa",12.3226900100708,"global_n_export_tnc_esa2020_compressed_md5_1d3c17","Nitrogen_Export",2020,"#2c944c"
"83","Eastern Europe",11.8388423919678,"global_n_export_tnc_esa2020_compressed_md5_1d3c17","Nitrogen_Export",2020,"#2c944c"
"84","Southern Asia",55.8307304382324,"global_n_export_tnc_esa2020_compressed_md5_1d3c17","Nitrogen_Export",2020,"#2c944c"
"85","Southern Africa",13.4731559753418,"global_n_export_tnc_esa2020_compressed_md5_1d3c17","Nitrogen_Export",2020,"#2c944c"
"86","Caribbean",22.0010948181152,"global_n_export_tnc_esa2020_compressed_md5_1d3c17","Nitrogen_Export",2020,"#2c944c"
"87","Northern Europe",32.5387878417969,"global_n_export_tnc_esa2020_compressed_md5_1d3c17","Nitrogen_Export",2020,"#2c944c"
"88","Polynesia",NA,"global_n_export_tnc_esa2020_compressed_md5_1d3c17","Nitrogen_Export",2020,"#2c944c"
"89","Micronesia",NA,"global_n_export_tnc_esa2020_compressed_md5_1d3c17","Nitrogen_Export",2020,"#2c944c"
"90","Australia and New Zealand",13.8039836883545,"global_n_export_tnc_esa2020_compressed_md5_1d3c17","Nitrogen_Export",2020,"#2c944c"
"91","Eastern Africa",10.2444381713867,"global_n_export_tnc_esa2020_compressed_md5_1d3c17","Nitrogen_Export",2020,"#2c944c"
"92","Northern America",18.6529846191406,"global_n_export_tnc_esa2020_compressed_md5_1d3c17","Nitrogen_Export",2020,"#2c944c"
"93","Central America",21.2263851165771,"global_n_export_tnc_esa2020_compressed_md5_1d3c17","Nitrogen_Export",2020,"#2c944c"
"94","Western Asia",66.07861328125,"global_n_export_tnc_esa2020_compressed_md5_1d3c17","Nitrogen_Export",2020,"#2c944c"
"95","Western Europe",75.3314666748047,"global_n_export_tnc_esa2020_compressed_md5_1d3c17","Nitrogen_Export",2020,"#2c944c"
"96","South America",12.4089498519897,"global_n_export_tnc_esa2020_compressed_md5_1d3c17","Nitrogen_Export",2020,"#2c944c"
"97","Seven seas (open ocean)",NA,"global_sed_export_marine_mod_ESA_1992_compressed_md5_18eaae","Sediment_Export",1992,"#08306b"
"98","Antarctica",NA,"global_sed_export_marine_mod_ESA_1992_compressed_md5_18eaae","Sediment_Export",1992,"#08306b"
"99","Northern Africa",36.4685974121094,"global_sed_export_marine_mod_ESA_1992_compressed_md5_18eaae","Sediment_Export",1992,"#08306b"
"100","Central Asia",47.3808097839355,"global_sed_export_marine_mod_ESA_1992_compressed_md5_18eaae","Sediment_Export",1992,"#08306b"
"101","Eastern Asia",115.954376220703,"global_sed_export_marine_mod_ESA_1992_compressed_md5_18eaae","Sediment_Export",1992,"#08306b"
"102","Melanesia",152.28271484375,"global_sed_export_marine_mod_ESA_1992_compressed_md5_18eaae","Sediment_Export",1992,"#08306b"
"103","Middle Africa",19.5071334838867,"global_sed_export_marine_mod_ESA_1992_compressed_md5_18eaae","Sediment_Export",1992,"#08306b"
"104","South-Eastern Asia",186.549346923828,"global_sed_export_marine_mod_ESA_1992_compressed_md5_18eaae","Sediment_Export",1992,"#08306b"
"105","Southern Europe",74.88330078125,"global_sed_export_marine_mod_ESA_1992_compressed_md5_18eaae","Sediment_Export",1992,"#08306b"
"106","Western Africa",29.4208297729492,"global_sed_export_marine_mod_ESA_1992_compressed_md5_18eaae","Sediment_Export",1992,"#08306b"
"107","Eastern Europe",5.76468849182129,"global_sed_export_marine_mod_ESA_1992_compressed_md5_18eaae","Sediment_Export",1992,"#08306b"
"108","Southern Asia",105.104362487793,"global_sed_export_marine_mod_ESA_1992_compressed_md5_18eaae","Sediment_Export",1992,"#08306b"
"109","Southern Africa",19.5677719116211,"global_sed_export_marine_mod_ESA_1992_compressed_md5_18eaae","Sediment_Export",1992,"#08306b"
"110","Caribbean",103.22151184082,"global_sed_export_marine_mod_ESA_1992_compressed_md5_18eaae","Sediment_Export",1992,"#08306b"
"111","Northern Europe",5.04212951660156,"global_sed_export_marine_mod_ESA_1992_compressed_md5_18eaae","Sediment_Export",1992,"#08306b"
"112","Polynesia",NA,"global_sed_export_marine_mod_ESA_1992_compressed_md5_18eaae","Sediment_Export",1992,"#08306b"
"113","Micronesia",NA,"global_sed_export_marine_mod_ESA_1992_compressed_md5_18eaae","Sediment_Export",1992,"#08306b"
"114","Australia and New Zealand",8.48905467987061,"global_sed_export_marine_mod_ESA_1992_compressed_md5_18eaae","Sediment_Export",1992,"#08306b"
"115","Eastern Africa",83.6095352172852,"global_sed_export_marine_mod_ESA_1992_compressed_md5_18eaae","Sediment_Export",1992,"#08306b"
"116","Northern America",11.9324264526367,"global_sed_export_marine_mod_ESA_1992_compressed_md5_18eaae","Sediment_Export",1992,"#08306b"
"117","Central America",43.5616035461426,"global_sed_export_marine_mod_ESA_1992_compressed_md5_18eaae","Sediment_Export",1992,"#08306b"
"118","Western Asia",113.443412780762,"global_sed_export_marine_mod_ESA_1992_compressed_md5_18eaae","Sediment_Export",1992,"#08306b"
"119","Western Europe",27.1195869445801,"global_sed_export_marine_mod_ESA_1992_compressed_md5_18eaae","Sediment_Export",1992,"#08306b"
"120","South America",56.3603401184082,"global_sed_export_marine_mod_ESA_1992_compressed_md5_18eaae","Sediment_Export",1992,"#08306b"
"121","Seven seas (open ocean)",NA,"global_sed_export_marine_mod_ESA_2020_compressed_md5_a988c0","Sediment_Export",2020,"#08306b"
"122","Antarctica",NA,"global_sed_export_marine_mod_ESA_2020_compressed_md5_a988c0","Sediment_Export",2020,"#08306b"
"123","Northern Africa",36.3322334289551,"global_sed_export_marine_mod_ESA_2020_compressed_md5_a988c0","Sediment_Export",2020,"#08306b"
"124","Central Asia",47.4274368286133,"global_sed_export_marine_mod_ESA_2020_compressed_md5_a988c0","Sediment_Export",2020,"#08306b"
"125","Eastern Asia",118.517974853516,"global_sed_export_marine_mod_ESA_2020_compressed_md5_a988c0","Sediment_Export",2020,"#08306b"
"126","Melanesia",208.37825012207,"global_sed_export_marine_mod_ESA_2020_compressed_md5_a988c0","Sediment_Export",2020,"#08306b"
"127","Middle Africa",22.0943050384521,"global_sed_export_marine_mod_ESA_2020_compressed_md5_a988c0","Sediment_Export",2020,"#08306b"
"128","South-Eastern Asia",195.551803588867,"global_sed_export_marine_mod_ESA_2020_compressed_md5_a988c0","Sediment_Export",2020,"#08306b"
"129","Southern Europe",74.1797103881836,"global_sed_export_marine_mod_ESA_2020_compressed_md5_a988c0","Sediment_Export",2020,"#08306b"
"130","Western Africa",30.41477394104,"global_sed_export_marine_mod_ESA_2020_compressed_md5_a988c0","Sediment_Export",2020,"#08306b"
"131","Eastern Europe",6.04815578460693,"global_sed_export_marine_mod_ESA_2020_compressed_md5_a988c0","Sediment_Export",2020,"#08306b"
"132","Southern Asia",102.772621154785,"global_sed_export_marine_mod_ESA_2020_compressed_md5_a988c0","Sediment_Export",2020,"#08306b"
"133","Southern Africa",20.3984107971191,"global_sed_export_marine_mod_ESA_2020_compressed_md5_a988c0","Sediment_Export",2020,"#08306b"
"134","Caribbean",101.923446655273,"global_sed_export_marine_mod_ESA_2020_compressed_md5_a988c0","Sediment_Export",2020,"#08306b"
"135","Northern Europe",5.28476524353027,"global_sed_export_marine_mod_ESA_2020_compressed_md5_a988c0","Sediment_Export",2020,"#08306b"
"136","Polynesia",NA,"global_sed_export_marine_mod_ESA_2020_compressed_md5_a988c0","Sediment_Export",2020,"#08306b"
"137","Micronesia",NA,"global_sed_export_marine_mod_ESA_2020_compressed_md5_a988c0","Sediment_Export",2020,"#08306b"
"138","Australia and New Zealand",8.42306804656982,"global_sed_export_marine_mod_ESA_2020_compressed_md5_a988c0","Sediment_Export",2020,"#08306b"
"139","Eastern Africa",82.1767959594727,"global_sed_export_marine_mod_ESA_2020_compressed_md5_a988c0","Sediment_Export",2020,"#08306b"
"140","Northern America",12.3740940093994,"global_sed_export_marine_mod_ESA_2020_compressed_md5_a988c0","Sediment_Export",2020,"#08306b"
"141","Central America",43.3127899169922,"global_sed_export_marine_mod_ESA_2020_compressed_md5_a988c0","Sediment_Export",2020,"#08306b"
"142","Western Asia",111.829437255859,"global_sed_export_marine_mod_ESA_2020_compressed_md5_a988c0","Sediment_Export",2020,"#08306b"
"143","Western Europe",29.5964088439941,"global_sed_export_marine_mod_ESA_2020_compressed_md5_a988c0","Sediment_Export",2020,"#08306b"
"144","South America",55.5520858764648,"global_sed_export_marine_mod_ESA_2020_compressed_md5_a988c0","Sediment_Export",2020,"#08306b"
"145","Seven seas (open ocean)",NA,"global_usle_marine_mod_ESA_1992_compressed_md5_7e68e0","Usle",1992,"#17c0ff"
"146","Antarctica",NA,"global_usle_marine_mod_ESA_1992_compressed_md5_7e68e0","Usle",1992,"#17c0ff"
"147","Northern Africa",195.630477905273,"global_usle_marine_mod_ESA_1992_compressed_md5_7e68e0","Usle",1992,"#17c0ff"
"148","Central Asia",217.910873413086,"global_usle_marine_mod_ESA_1992_compressed_md5_7e68e0","Usle",1992,"#17c0ff"
"149","Eastern Asia",748.321594238281,"global_usle_marine_mod_ESA_1992_compressed_md5_7e68e0","Usle",1992,"#17c0ff"
"150","Melanesia",1231.20483398438,"global_usle_marine_mod_ESA_1992_compressed_md5_7e68e0","Usle",1992,"#17c0ff"
"151","Middle Africa",187.953964233398,"global_usle_marine_mod_ESA_1992_compressed_md5_7e68e0","Usle",1992,"#17c0ff"
"152","South-Eastern Asia",1402.52429199219,"global_usle_marine_mod_ESA_1992_compressed_md5_7e68e0","Usle",1992,"#17c0ff"
"153","Southern Europe",528.855224609375,"global_usle_marine_mod_ESA_1992_compressed_md5_7e68e0","Usle",1992,"#17c0ff"
"154","Western Africa",254.29655456543,"global_usle_marine_mod_ESA_1992_compressed_md5_7e68e0","Usle",1992,"#17c0ff"
"155","Eastern Europe",52.5900344848633,"global_usle_marine_mod_ESA_1992_compressed_md5_7e68e0","Usle",1992,"#17c0ff"
"156","Southern Asia",651.855651855469,"global_usle_marine_mod_ESA_1992_compressed_md5_7e68e0","Usle",1992,"#17c0ff"
"157","Southern Africa",152.470642089844,"global_usle_marine_mod_ESA_1992_compressed_md5_7e68e0","Usle",1992,"#17c0ff"
"158","Caribbean",1030.41674804688,"global_usle_marine_mod_ESA_1992_compressed_md5_7e68e0","Usle",1992,"#17c0ff"
"159","Northern Europe",62.8032035827637,"global_usle_marine_mod_ESA_1992_compressed_md5_7e68e0","Usle",1992,"#17c0ff"
"160","Polynesia",NA,"global_usle_marine_mod_ESA_1992_compressed_md5_7e68e0","Usle",1992,"#17c0ff"
"161","Micronesia",1614.06335449219,"global_usle_marine_mod_ESA_1992_compressed_md5_7e68e0","Usle",1992,"#17c0ff"
"162","Australia and New Zealand",71.5992431640625,"global_usle_marine_mod_ESA_1992_compressed_md5_7e68e0","Usle",1992,"#17c0ff"
"163","Eastern Africa",614.241882324219,"global_usle_marine_mod_ESA_1992_compressed_md5_7e68e0","Usle",1992,"#17c0ff"
"164","Northern America",113.972923278809,"global_usle_marine_mod_ESA_1992_compressed_md5_7e68e0","Usle",1992,"#17c0ff"
"165","Central America",411.120971679688,"global_usle_marine_mod_ESA_1992_compressed_md5_7e68e0","Usle",1992,"#17c0ff"
"166","Western Asia",548.478698730469,"global_usle_marine_mod_ESA_1992_compressed_md5_7e68e0","Usle",1992,"#17c0ff"
"167","Western Europe",202.936218261719,"global_usle_marine_mod_ESA_1992_compressed_md5_7e68e0","Usle",1992,"#17c0ff"
"168","South America",379.304473876953,"global_usle_marine_mod_ESA_1992_compressed_md5_7e68e0","Usle",1992,"#17c0ff"
"169","Seven seas (open ocean)",NA,"global_usle_marine_mod_ESA_2020_compressed_md5_99e715","Usle",2020,"#17c0ff"
"170","Antarctica",NA,"global_usle_marine_mod_ESA_2020_compressed_md5_99e715","Usle",2020,"#17c0ff"
"171","Northern Africa",195.38786315918,"global_usle_marine_mod_ESA_2020_compressed_md5_99e715","Usle",2020,"#17c0ff"
"172","Central Asia",219.22200012207,"global_usle_marine_mod_ESA_2020_compressed_md5_99e715","Usle",2020,"#17c0ff"
"173","Eastern Asia",760.723693847656,"global_usle_marine_mod_ESA_2020_compressed_md5_99e715","Usle",2020,"#17c0ff"
"174","Melanesia",1262.41833496094,"global_usle_marine_mod_ESA_2020_compressed_md5_99e715","Usle",2020,"#17c0ff"
"175","Middle Africa",199.636779785156,"global_usle_marine_mod_ESA_2020_compressed_md5_99e715","Usle",2020,"#17c0ff"
"176","South-Eastern Asia",1414.00183105469,"global_usle_marine_mod_ESA_2020_compressed_md5_99e715","Usle",2020,"#17c0ff"
"177","Southern Europe",524.892517089844,"global_usle_marine_mod_ESA_2020_compressed_md5_99e715","Usle",2020,"#17c0ff"
"178","Western Africa",260.708984375,"global_usle_marine_mod_ESA_2020_compressed_md5_99e715","Usle",2020,"#17c0ff"
"179","Eastern Europe",55.8652992248535,"global_usle_marine_mod_ESA_2020_compressed_md5_99e715","Usle",2020,"#17c0ff"
"180","Southern Asia",631.880737304688,"global_usle_marine_mod_ESA_2020_compressed_md5_99e715","Usle",2020,"#17c0ff"
"181","Southern Africa",155.204742431641,"global_usle_marine_mod_ESA_2020_compressed_md5_99e715","Usle",2020,"#17c0ff"
"182","Caribbean",987.556945800781,"global_usle_marine_mod_ESA_2020_compressed_md5_99e715","Usle",2020,"#17c0ff"
"183","Northern Europe",64.1681442260742,"global_usle_marine_mod_ESA_2020_compressed_md5_99e715","Usle",2020,"#17c0ff"
"184","Polynesia",NA,"global_usle_marine_mod_ESA_2020_compressed_md5_99e715","Usle",2020,"#17c0ff"
"185","Micronesia",1648.24145507812,"global_usle_marine_mod_ESA_2020_compressed_md5_99e715","Usle",2020,"#17c0ff"
"186","Australia and New Zealand",70.7927627563477,"global_usle_marine_mod_ESA_2020_compressed_md5_99e715","Usle",2020,"#17c0ff"
"187","Eastern Africa",610.674987792969,"global_usle_marine_mod_ESA_2020_compressed_md5_99e715","Usle",2020,"#17c0ff"
"188","Northern America",117.692993164062,"global_usle_marine_mod_ESA_2020_compressed_md5_99e715","Usle",2020,"#17c0ff"
"189","Central America",396.983764648438,"global_usle_marine_mod_ESA_2020_compressed_md5_99e715","Usle",2020,"#17c0ff"
"190","Western Asia",542.886596679688,"global_usle_marine_mod_ESA_2020_compressed_md5_99e715","Usle",2020,"#17c0ff"
"191","Western Europe",210.984664916992,"global_usle_marine_mod_ESA_2020_compressed_md5_99e715","Usle",2020,"#17c0ff"
"192","South America",381.000305175781,"global_usle_marine_mod_ESA_2020_compressed_md5_99e715","Usle",2020,"#17c0ff"
"193","Seven seas (open ocean)",0,"nature_access_lspop2019_ESA1992_md5_b32b8b","Nature_Access",1992,"#A57C00"
"194","Antarctica",NA,"nature_access_lspop2019_ESA1992_md5_b32b8b","Nature_Access",1992,"#A57C00"
"195","Northern Africa",6892.33740234375,"nature_access_lspop2019_ESA1992_md5_b32b8b","Nature_Access",1992,"#A57C00"
"196","Central Asia",2367.33544921875,"nature_access_lspop2019_ESA1992_md5_b32b8b","Nature_Access",1992,"#A57C00"
"197","Eastern Asia",38919.33984375,"nature_access_lspop2019_ESA1992_md5_b32b8b","Nature_Access",1992,"#A57C00"
"198","Melanesia",782.151550292969,"nature_access_lspop2019_ESA1992_md5_b32b8b","Nature_Access",1992,"#A57C00"
"199","Middle Africa",6673.4853515625,"nature_access_lspop2019_ESA1992_md5_b32b8b","Nature_Access",1992,"#A57C00"
"200","South-Eastern Asia",34161.9140625,"nature_access_lspop2019_ESA1992_md5_b32b8b","Nature_Access",1992,"#A57C00"
"201","Southern Europe",173884.9375,"nature_access_lspop2019_ESA1992_md5_b32b8b","Nature_Access",1992,"#A57C00"
"202","Western Africa",17599.333984375,"nature_access_lspop2019_ESA1992_md5_b32b8b","Nature_Access",1992,"#A57C00"
"203","Eastern Europe",14610.654296875,"nature_access_lspop2019_ESA1992_md5_b32b8b","Nature_Access",1992,"#A57C00"
"204","Southern Asia",35087.15625,"nature_access_lspop2019_ESA1992_md5_b32b8b","Nature_Access",1992,"#A57C00"
"205","Southern Africa",41229.00390625,"nature_access_lspop2019_ESA1992_md5_b32b8b","Nature_Access",1992,"#A57C00"
"206","Caribbean",95259.3203125,"nature_access_lspop2019_ESA1992_md5_b32b8b","Nature_Access",1992,"#A57C00"
"207","Northern Europe",162726.75,"nature_access_lspop2019_ESA1992_md5_b32b8b","Nature_Access",1992,"#A57C00"
"208","Polynesia",764.541198730469,"nature_access_lspop2019_ESA1992_md5_b32b8b","Nature_Access",1992,"#A57C00"
"209","Micronesia",20636.861328125,"nature_access_lspop2019_ESA1992_md5_b32b8b","Nature_Access",1992,"#A57C00"
"210","Australia and New Zealand",8158.3759765625,"nature_access_lspop2019_ESA1992_md5_b32b8b","Nature_Access",1992,"#A57C00"
"211","Eastern Africa",18940.947265625,"nature_access_lspop2019_ESA1992_md5_b32b8b","Nature_Access",1992,"#A57C00"
"212","Northern America",48212.8671875,"nature_access_lspop2019_ESA1992_md5_b32b8b","Nature_Access",1992,"#A57C00"
"213","Central America",63556.421875,"nature_access_lspop2019_ESA1992_md5_b32b8b","Nature_Access",1992,"#A57C00"
"214","Western Asia",17546.326171875,"nature_access_lspop2019_ESA1992_md5_b32b8b","Nature_Access",1992,"#A57C00"
"215","Western Europe",405420.3125,"nature_access_lspop2019_ESA1992_md5_b32b8b","Nature_Access",1992,"#A57C00"
"216","South America",21604.134765625,"nature_access_lspop2019_ESA1992_md5_b32b8b","Nature_Access",1992,"#A57C00"
"217","Seven seas (open ocean)",NA,"nature_access_lspop2019_ESA2020ag_compressed_md5_6496bd","Nature_Access",2020,"#A57C00"
"218","Antarctica",NA,"nature_access_lspop2019_ESA2020ag_compressed_md5_6496bd","Nature_Access",2020,"#A57C00"
"219","Northern Africa",59955.234375,"nature_access_lspop2019_ESA2020ag_compressed_md5_6496bd","Nature_Access",2020,"#A57C00"
"220","Central Asia",5046.9130859375,"nature_access_lspop2019_ESA2020ag_compressed_md5_6496bd","Nature_Access",2020,"#A57C00"
"221","Eastern Asia",87101.4453125,"nature_access_lspop2019_ESA2020ag_compressed_md5_6496bd","Nature_Access",2020,"#A57C00"
"222","Melanesia",1441.53625488281,"nature_access_lspop2019_ESA2020ag_compressed_md5_6496bd","Nature_Access",2020,"#A57C00"
"223","Middle Africa",10734.517578125,"nature_access_lspop2019_ESA2020ag_compressed_md5_6496bd","Nature_Access",2020,"#A57C00"
"224","South-Eastern Asia",139183.03125,"nature_access_lspop2019_ESA2020ag_compressed_md5_6496bd","Nature_Access",2020,"#A57C00"
"225","Southern Europe",376551.90625,"nature_access_lspop2019_ESA2020ag_compressed_md5_6496bd","Nature_Access",2020,"#A57C00"
"226","Western Africa",72125.0703125,"nature_access_lspop2019_ESA2020ag_compressed_md5_6496bd","Nature_Access",2020,"#A57C00"
"227","Eastern Europe",66229.1328125,"nature_access_lspop2019_ESA2020ag_compressed_md5_6496bd","Nature_Access",2020,"#A57C00"
"228","Southern Asia",150170.015625,"nature_access_lspop2019_ESA2020ag_compressed_md5_6496bd","Nature_Access",2020,"#A57C00"
"229","Southern Africa",52459.52734375,"nature_access_lspop2019_ESA2020ag_compressed_md5_6496bd","Nature_Access",2020,"#A57C00"
"230","Caribbean",192262.25,"nature_access_lspop2019_ESA2020ag_compressed_md5_6496bd","Nature_Access",2020,"#A57C00"
"231","Northern Europe",269222.75,"nature_access_lspop2019_ESA2020ag_compressed_md5_6496bd","Nature_Access",2020,"#A57C00"
"232","Polynesia",7764.10498046875,"nature_access_lspop2019_ESA2020ag_compressed_md5_6496bd","Nature_Access",2020,"#A57C00"
"233","Micronesia",37746.71875,"nature_access_lspop2019_ESA2020ag_compressed_md5_6496bd","Nature_Access",2020,"#A57C00"
"234","Australia and New Zealand",32212.21484375,"nature_access_lspop2019_ESA2020ag_compressed_md5_6496bd","Nature_Access",2020,"#A57C00"
"235","Eastern Africa",31427.478515625,"nature_access_lspop2019_ESA2020ag_compressed_md5_6496bd","Nature_Access",2020,"#A57C00"
"236","Northern America",173831.09375,"nature_access_lspop2019_ESA2020ag_compressed_md5_6496bd","Nature_Access",2020,"#A57C00"
"237","Central America",76474.65625,"nature_access_lspop2019_ESA2020ag_compressed_md5_6496bd","Nature_Access",2020,"#A57C00"
"238","Western Asia",148217.390625,"nature_access_lspop2019_ESA2020ag_compressed_md5_6496bd","Nature_Access",2020,"#A57C00"
"239","Western Europe",910078.3125,"nature_access_lspop2019_ESA2020ag_compressed_md5_6496bd","Nature_Access",2020,"#A57C00"
"240","South America",47292.9375,"nature_access_lspop2019_ESA2020ag_compressed_md5_6496bd","Nature_Access",2020,"#A57C00"
"241","Seven seas (open ocean)",0,"realized_polllination_on_ag_ESA1992mar_md5_d3d0d3","Pollination",1992,"#dd1c77"
"242","Antarctica",0,"realized_polllination_on_ag_ESA1992mar_md5_d3d0d3","Pollination",1992,"#dd1c77"
"243","Northern Africa",0.105655267834663,"realized_polllination_on_ag_ESA1992mar_md5_d3d0d3","Pollination",1992,"#dd1c77"
"244","Central Asia",0.0492979027330875,"realized_polllination_on_ag_ESA1992mar_md5_d3d0d3","Pollination",1992,"#dd1c77"
"245","Eastern Asia",0.74575537443161,"realized_polllination_on_ag_ESA1992mar_md5_d3d0d3","Pollination",1992,"#dd1c77"
"246","Melanesia",0.039478275924921,"realized_polllination_on_ag_ESA1992mar_md5_d3d0d3","Pollination",1992,"#dd1c77"
"247","Middle Africa",0.00417023804038763,"realized_polllination_on_ag_ESA1992mar_md5_d3d0d3","Pollination",1992,"#dd1c77"
"248","South-Eastern Asia",0.206925332546234,"realized_polllination_on_ag_ESA1992mar_md5_d3d0d3","Pollination",1992,"#dd1c77"
"249","Southern Europe",0.85096937417984,"realized_polllination_on_ag_ESA1992mar_md5_d3d0d3","Pollination",1992,"#dd1c77"
"250","Western Africa",0.0588430911302567,"realized_polllination_on_ag_ESA1992mar_md5_d3d0d3","Pollination",1992,"#dd1c77"
"251","Eastern Europe",0.1052186191082,"realized_polllination_on_ag_ESA1992mar_md5_d3d0d3","Pollination",1992,"#dd1c77"
"252","Southern Asia",0.2584068775177,"realized_polllination_on_ag_ESA1992mar_md5_d3d0d3","Pollination",1992,"#dd1c77"
"253","Southern Africa",0.0451387763023376,"realized_polllination_on_ag_ESA1992mar_md5_d3d0d3","Pollination",1992,"#dd1c77"
"254","Caribbean",1.13879728317261,"realized_polllination_on_ag_ESA1992mar_md5_d3d0d3","Pollination",1992,"#dd1c77"
"255","Northern Europe",0.355057716369629,"realized_polllination_on_ag_ESA1992mar_md5_d3d0d3","Pollination",1992,"#dd1c77"
"256","Polynesia",0,"realized_polllination_on_ag_ESA1992mar_md5_d3d0d3","Pollination",1992,"#dd1c77"
"257","Micronesia",0,"realized_polllination_on_ag_ESA1992mar_md5_d3d0d3","Pollination",1992,"#dd1c77"
"258","Australia and New Zealand",0.0380628332495689,"realized_polllination_on_ag_ESA1992mar_md5_d3d0d3","Pollination",1992,"#dd1c77"
"259","Eastern Africa",0.0185709651559591,"realized_polllination_on_ag_ESA1992mar_md5_d3d0d3","Pollination",1992,"#dd1c77"
"260","Northern America",0.0881901681423187,"realized_polllination_on_ag_ESA1992mar_md5_d3d0d3","Pollination",1992,"#dd1c77"
"261","Central America",0.36366868019104,"realized_polllination_on_ag_ESA1992mar_md5_d3d0d3","Pollination",1992,"#dd1c77"
"262","Western Asia",0.229979455471039,"realized_polllination_on_ag_ESA1992mar_md5_d3d0d3","Pollination",1992,"#dd1c77"
"263","Western Europe",1.01357781887054,"realized_polllination_on_ag_ESA1992mar_md5_d3d0d3","Pollination",1992,"#dd1c77"
"264","South America",0.14462748169899,"realized_polllination_on_ag_ESA1992mar_md5_d3d0d3","Pollination",1992,"#dd1c77"
"265","Seven seas (open ocean)",0,"realized_polllination_on_ag_ESA2020mar_md5_da610a","Pollination",2020,"#dd1c77"
"266","Antarctica",0,"realized_polllination_on_ag_ESA2020mar_md5_da610a","Pollination",2020,"#dd1c77"
"267","Northern Africa",0.125056564807892,"realized_polllination_on_ag_ESA2020mar_md5_da610a","Pollination",2020,"#dd1c77"
"268","Central Asia",0.0498403459787369,"realized_polllination_on_ag_ESA2020mar_md5_da610a","Pollination",2020,"#dd1c77"
"269","Eastern Asia",0.815580010414124,"realized_polllination_on_ag_ESA2020mar_md5_da610a","Pollination",2020,"#dd1c77"
"270","Melanesia",0.0424519069492817,"realized_polllination_on_ag_ESA2020mar_md5_da610a","Pollination",2020,"#dd1c77"
"271","Middle Africa",0.00465833209455013,"realized_polllination_on_ag_ESA2020mar_md5_da610a","Pollination",2020,"#dd1c77"
"272","South-Eastern Asia",0.222442984580994,"realized_polllination_on_ag_ESA2020mar_md5_da610a","Pollination",2020,"#dd1c77"
"273","Southern Europe",0.879930019378662,"realized_polllination_on_ag_ESA2020mar_md5_da610a","Pollination",2020,"#dd1c77"
"274","Western Africa",0.0715468525886536,"realized_polllination_on_ag_ESA2020mar_md5_da610a","Pollination",2020,"#dd1c77"
"275","Eastern Europe",0.109229877591133,"realized_polllination_on_ag_ESA2020mar_md5_da610a","Pollination",2020,"#dd1c77"
"276","Southern Asia",0.280348062515259,"realized_polllination_on_ag_ESA2020mar_md5_da610a","Pollination",2020,"#dd1c77"
"277","Southern Africa",0.0465667024254799,"realized_polllination_on_ag_ESA2020mar_md5_da610a","Pollination",2020,"#dd1c77"
"278","Caribbean",1.18353950977325,"realized_polllination_on_ag_ESA2020mar_md5_da610a","Pollination",2020,"#dd1c77"
"279","Northern Europe",0.375995427370071,"realized_polllination_on_ag_ESA2020mar_md5_da610a","Pollination",2020,"#dd1c77"
"280","Polynesia",0,"realized_polllination_on_ag_ESA2020mar_md5_da610a","Pollination",2020,"#dd1c77"
"281","Micronesia",0,"realized_polllination_on_ag_ESA2020mar_md5_da610a","Pollination",2020,"#dd1c77"
"282","Australia and New Zealand",0.0401853062212467,"realized_polllination_on_ag_ESA2020mar_md5_da610a","Pollination",2020,"#dd1c77"
"283","Eastern Africa",0.0198993775993586,"realized_polllination_on_ag_ESA2020mar_md5_da610a","Pollination",2020,"#dd1c77"
"284","Northern America",0.0932826921343803,"realized_polllination_on_ag_ESA2020mar_md5_da610a","Pollination",2020,"#dd1c77"
"285","Central America",0.410800158977509,"realized_polllination_on_ag_ESA2020mar_md5_da610a","Pollination",2020,"#dd1c77"
"286","Western Asia",0.253481894731522,"realized_polllination_on_ag_ESA2020mar_md5_da610a","Pollination",2020,"#dd1c77"
"287","Western Europe",1.07265770435333,"realized_polllination_on_ag_ESA2020mar_md5_da610a","Pollination",2020,"#dd1c77"
"288","South America",0.145101472735405,"realized_polllination_on_ag_ESA2020mar_md5_da610a","Pollination",2020,"#dd1c77"
